{
  "remaps": {
    "CtrlR": "Win",
    "AltR": "Alt",
    "ShiftR": "Shift",
    "NextToShiftL": "Shift"
  },
  "keyPresses": [
    { "repeat": 1, "inputKey": "Caps", "fire": "Esc" },
    { "repeat": 2, "inputKey": "Esc", "fire": "ToggleAppEnabled" },
    {
      "repeat": 2,
      "inputKey": "Shift",
      "fire": "Caps",
      "skipKeyBindings": true
    }
  ],
  "keybindings": [
    //"%OBJECT './object.json' %",
    //"%SPREAD_OBJECT './object.json' %",
    //"%ARRAY './array.json' %",
    //"%SPREAD_ARRAY './array.json' %",

    // Alt tab Mode For Windows Like MacOS
    {
      "keys": ["Tab"],
      "when": { "Alt": true, "isAltTabMode": false },
      "set": { "isAltTabMode": true },
      "fire": ["Ctrl:up Alt:down Tab", null]
    },
    {
      "keys": ["Tab"],
      "when": { "Alt": true, "isAltTabMode": true },
      "fire": ["Tab", null]
    },
    {
      "keys": ["Esc", "Enter"],
      "when": { "Alt": true, "isAltTabMode": true },
      "set": { "isAltTabMode": false },
      "fire": ["currentKey Alt:up Ctrl:down", null]
    },
    {
      "keys": ["Q"],
      "when": { "Alt": true, "isAltTabMode": true },
      "fire": ["Supr", null]
    },
    {
      "keys": ["Alt"],
      "when": { "isAltTabMode": true },
      "set": { "isAltTabMode": false },
      "fire": [null, "Alt:up"]
    },
    {
      "keys": ["Alt"],
      "fire": ["Ctrl:down", "Ctrl:up"]
    },

    // Vim Mode With Caps
    {
      "keys": ["H", "L"],
      "when": { "Caps": true, "Alt": true, "isAltTabMode": false },
      "fire": ["Ctrl:up vimHomeEndKey Ctrl:down", null]
    },
    {
      "keys": ["H", "J", "K", "L"],
      "when": { "Caps": true, "Alt": true, "isAltTabMode": true },
      "fire": ["vimArrowKey", null]
    },
    {
      "keys": ["J", "K"],
      "when": { "Caps": true, "Alt": true },
      "fire": ["vimHomeEndKey", null]
    },
    {
      "keys": ["H", "L"],
      "when": { "Caps": true, "Win": true },
      "fire": ["Ctrl:down vimArrowKey Ctrl:up", null]
    },
    {
      "keys": ["H", "J", "K", "L"],
      "when": { "Caps": true, "Ctrl": true },
      "fire": ["Alt:up vimArrowKey", null]
    },
    {
      "keys": ["H", "J", "K", "L"],
      "when": { "Caps": true },
      "fire": ["vimArrowKey", null]
    },
    {
      "keys": ["S"],
      "when": { "Caps": true },
      "fire": ["Shift:down", "Shift:up"]
    },
    {
      "keys": ["Caps"],
      "when": { "S": true },
      "fire": [null, "Shift:up"]
    },
    {
      // Because non n-rollover keyboard: Win + Caps + S + H/J = F7/Y/]
      "keys": ["F7", "Y", "BracketR"],
      "when": { "Caps": true },
      "fire": [null, null]
    },

    // Right/Left clicks
    {
      "keys": ["C"],
      "when": { "Win": true, "Caps": true, "C": true, "isClickDown": false },
      "fire": ["RightClick:down", null],
      "set": { "isClickDown": true }
    },
    {
      "keys": ["C"],
      "when": { "Win": true, "Caps": true, "C": true, "isClickDown": true },
      "fire": [null, null]
    },
    {
      "keys": ["C"],
      "when": { "Win": true, "Caps": true, "C": false, "isClickDown": true },
      "fire": [null, "RightClick:up"],
      "set": { "isClickDown": false }
    },
    {
      "keys": ["C"],
      "when": { "Win": true, "C": true, "isClickDown": false },
      "fire": ["LeftClick:down", null],
      "set": { "isClickDown": true }
    },
    {
      "keys": ["C"],
      "when": { "Win": true, "isClickDown": true, "C": true },
      "fire": [null, null]
    },
    {
      "keys": ["C"],
      "when": { "Win": true, "isClickDown": true },
      "fire": [null, "LeftClick:up"],
      "set": { "isClickDown": false }
    },
    {
      "keys": ["Win"],
      "when": { "Win": false, "isClickDown": true },
      "fire": [null, "LeftClick:up"],
      "set": { "isClickDown": false }
    },

    // Google Chrome

    {
      "keys": ["F"],
      "when": { "appName": "chrome.exe", "Alt": true, "Win": true },
      "fire": ["Ctrl:up F11 Ctrl:down", null]
    },
    {
      "keys": ["Enter"],
      "when": { "appName": "chrome.exe", "Alt": true },
      "fire": ["Ctrl:up Alt:down Enter Alt:up Ctrl:down", null]
    },
    {
      "keys": ["H"],
      "when": { "appName": "chrome.exe", "Alt": true, "Win": false },
      "fire": ["Shift:down Tab Shift:up", null]
    },
    {
      "keys": ["L"],
      "when": { "appName": "chrome.exe", "Alt": true, "Win": false },
      "fire": ["Tab", null]
    },
    {
      "keys": ["Colon"],
      "when": { "appName": "chrome.exe", "Alt": true },
      "fire": ["L", null]
    },
    {
      "keys": ["F3"],
      "when": { "appName": "chrome.exe" },
      "fire": ["Ctrl:down Shift:down Tab Shift:up Ctrl:up", null]
    },
    {
      "keys": ["F4"],
      "when": { "appName": "chrome.exe" },
      "fire": ["Ctrl:down Tab Ctrl:up", null]
    },
    {
      "keys": ["F5"],
      "when": { "appName": "chrome.exe" },
      "fire": ["Alt:down M Alt:up", null]
    },
    {
      "keys": ["F6"],
      "when": { "appName": "chrome.exe" },
      "fire": ["Alt:down T Alt:up", null]
    },

    // Slack

    {
      "keys": ["P"],
      "when": { "appName": "slack.exe", "Alt": true },
      "fire": ["K", null]
    },

    // General

    {
      "keys": ["A"],
      "when": { "Shift": true, "Win": true },
      "fire": ["Shift:up Alt:down NP0 NP1 NP9 NP3 Alt:up Shift:down", null]
    },
    {
      "keys": ["A"],
      "when": { "Win": true },
      "fire": ["Alt:down NP0 NP2 NP2 NP5 Alt:up", null]
    },
    {
      "keys": ["E"],
      "when": { "Shift": true, "Win": true },
      "fire": ["Shift:up Alt:down NP0 NP2 NP0 NP1 Alt:up Shift:down", null]
    },
    {
      "keys": ["E"],
      "when": { "Win": true },
      "fire": ["Alt:down NP0 NP2 NP3 NP3 Alt:up", null]
    },
    {
      "keys": ["I"],
      "when": { "Shift": true, "Win": true },
      "fire": ["Shift:up Alt:down NP0 NP2 NP0 NP5 Alt:up Shift:down", null]
    },
    {
      "keys": ["I"],
      "when": { "Win": true },
      "fire": ["Alt:down NP0 NP2 NP3 NP7 Alt:up", null]
    },
    {
      "keys": ["O"],
      "when": { "Shift": true, "Win": true },
      "fire": ["Shift:up Alt:down NP0 NP2 NP1 NP1 Alt:up Shift:down", null]
    },
    {
      "keys": ["O"],
      "when": { "Win": true },
      "fire": ["Alt:down NP0 NP2 NP4 NP3 Alt:up", null]
    },
    {
      "keys": ["U"],
      "when": { "Shift": true, "Win": true },
      "fire": ["Shift:up Alt:down NP0 NP2 NP1 NP8 Alt:up Shift:down", null]
    },
    {
      "keys": ["U"],
      "when": { "Win": true },
      "fire": ["Alt:down NP0 NP2 NP5 NP0 Alt:up", null]
    },
    {
      "keys": ["N"],
      "when": { "Shift": true, "Win": true },
      "fire": ["Shift:up Alt:down NP1 NP6 NP5 Alt:up Shift:down", null]
    },
    {
      "keys": ["N"],
      "when": { "Win": true },
      "fire": ["Alt:down NP1 NP6 NP4 Alt:up", null]
    },

    { "keys": ["Ctrl"], "fire": ["Alt:down", "Alt:up"] },
    { "keys": ["Caps"], "fire": [null, null] },
    { "keys": ["Win"], "fire": [null, null] },
    {
      "keys": ["V"],
      "when": { "Caps": true, "Alt": true },
      "fire": ["Ctrl:up Win:down V Win:up Ctrl:down", null]
    },
    {
      "keys": ["C"],
      "when": { "Caps": true },
      "fire": ["Ctrl:down C Ctrl:up", null]
    },
    {
      "keys": ["Tab"],
      "when": { "Caps": true },
      "fire": ["Ctrl:down Tab Ctrl:up", null]
    },
    {
      "keys": ["Tab"],
      "when": { "Ctrl": true },
      "fire": ["Alt:up Ctrl:down Tab Ctrl:up Alt:down", null]
    },
    {
      "keys": ["Space"],
      "when": { "Caps": true },
      "fire": ["Ctrl:down Space Ctrl:up", null]
    },
    {
      "keys": ["H", "J", "K", "L"],
      "when": { "Win": true, "Alt": true },
      "fire": ["Ctrl:up Win:down vimArrowKey Win:up", "Ctrl:down"]
    },

    //     - Win A => Down(Alt↓ NP0↕ NP2↕ NP2↕ NP5↕ Alt↑) Up(null)
    // - Win E => Down(Alt↓ NP0↕ NP2↕ NP3↕ NP3↕ Alt↑) Up(null)
    // - Win I => Down(Alt↓ NP0↕ NP2↕ NP3↕ NP7↕ Alt↑) Up(null)
    // - Win O => Down(Alt↓ NP0↕ NP2↕ NP4↕ NP3↕ Alt↑) Up(null)
    // - Win U => Down(Alt↓ NP0↕ NP2↕ NP5↕ NP0↕ Alt↑) Up(null)
    // - Win N => Down(Alt↓ NP1↕ NP6↕ NP4↕ Alt↑) Up(null)

    {
      "keys": ["F", "J", "K"],
      "when": { "Win": true },
      "fire": ["Alt:down currentKey Alt:up", null]
    },
    {
      "keys": ["D"],
      "when": { "Win": true },
      "fire": ["Win:down D Win:up", null]
    },
    {
      "keys": ["Back"],
      "when": { "Win": true },
      "fire": ["Ctrl:down Back Ctrl:up", null]
    },
    {
      "keys": ["Space"],
      "when": { "Win": true },
      "fire": ["Win", null]
    },
    {
      "keys": ["H", "L"],
      "when": { "Win": true },
      "fire": ["Alt:down vimArrowKey Alt:up", null]
    },

    {
      "keys": ["Space"],
      "when": { "Alt": true },
      "fire": ["F12", null]
    },
    {
      "keys": ["Back"],
      "when": { "Alt": true },
      "fire": ["Ctrl:up Shift:down Home Shift:up Back Ctrl:down", null]
    },
    {
      "keys": ["Esc"],
      "when": { "Alt": true, "isAltTabMode": false },
      "fire": [null, null]
    },
    {
      "keys": ["Q"],
      "when": { "Alt": true },
      "fire": ["Ctrl:up Alt:down F4 Alt:up Ctrl:down", null]
    },
    {
      "keys": ["J"],
      "when": { "Alt": true },
      "fire": ["Ctrl:up Next Ctrl:down", null]
    },
    {
      "keys": ["K"],
      "when": { "Alt": true },
      "fire": ["Ctrl:up Prior Ctrl:down", null]
    },
    {
      "keys": ["F1"],
      "when": { "Alt": true },
      "fire": ["Ctrl:up F1 Ctrl:down", null]
    },
    { "keys": ["F1"], "fire": ["BrightnessDown", null] },
    {
      "keys": ["F2"],
      "when": { "Alt": true },
      "fire": ["Ctrl:up F2 Ctrl:down", null]
    },
    { "keys": ["F2"], "fire": ["BrightnessUp", null] },
    {
      "keys": ["F10"],
      "when": { "Alt": true },
      "fire": ["Ctrl:up F10 Ctrl:down", null]
    },
    { "keys": ["F10"], "fire": ["Mute", null] },
    {
      "keys": ["F11"],
      "when": { "Alt": true },
      "fire": ["Ctrl:up F11 Ctrl:down", null]
    },
    {
      "keys": ["F11"],
      "fire": ["VolumeDown VolumeDown VolumeDown VolumeDown", null]
    },
    {
      "keys": ["F12"],
      "when": { "Alt": true },
      "fire": ["Ctrl:up F12 Ctrl:down", null]
    },
    {
      "keys": ["F12"],
      "fire": ["VolumeUp VolumeUp VolumeUp VolumeUp", null]
    }
  ],
  "tests": [
    //Alt Tab Mode
    ["Alt:down Tab Alt:up", "Ctrl:down Ctrl:up Alt:down Tab Alt:up"],
    ["Alt:down Tab Tab Alt:up", "Ctrl:down Ctrl:up Alt:down Tab Tab Alt:up"],
    [
      "Alt:down Shift:down Tab Shift:up Alt:up",
      "Ctrl:down Shift:down Ctrl:up Alt:down Tab Shift:up Alt:up"
    ],
    [
      "Alt:down Shift:down Tab Tab Shift:up Alt:up",
      "Ctrl:down Shift:down Ctrl:up Alt:down Tab Tab Shift:up Alt:up"
    ],
    [
      "Alt:down Tab Esc Alt:up",
      "Ctrl:down Ctrl:up Alt:down Tab Esc Alt:up Ctrl:down Ctrl:up"
    ],
    // Key
    ["A", "A"],
    // Key - Down
    ["H:down H:down H:down", "H:down H:down H:down"],
    // Key - Down then Up
    ["H:down H:down H:up", "H:down H:down H:up"],
    // Key - 2 Keys In Order
    ["H:down J H:up", "H:down J:down J:up H:up"],
    // Key - 2 Keys In No Order
    ["H:down J:down H:up J:up", "H:down J:down H:up J:up"],
    // Key - 3 Keys In Order
    ["H:down J:down K J:up H:up", "H:down J:down K:down K:up J:up H:up"],
    // Key - 3 Keys No Order
    ["H:down J:down K H:up J:up", "H:down J:down K:down K:up H:up J:up"],

    ["Alt", "Ctrl"],

    // VIM MODE
    ["Caps", "Esc"],
    ["Caps:down A Caps:up", "A"],
    ["Caps:down H Caps:up", "Left"],
    ["Caps:down L Caps:up", "Right"],
    ["Caps:down J Caps:up", "Down"],
    ["Caps:down K Caps:up", "Up"],
    ["Caps:down Alt:down H Alt:up Caps:up", "Ctrl Home Ctrl"],
    ["Caps:down Alt:down L Alt:up Caps:up", "Ctrl End Ctrl"],
    ["Caps:down S:down H S:up Caps:up", "Shift:down Left Shift:up"],

    // VIM MODE: When Caps is not the first pressed key
    ["T:down Caps:down T:up Caps:up", "T"],
    ["Alt:down Caps:down H Caps:up Alt:up", "Ctrl Home Ctrl"],
    ["Alt:down Caps:down L Caps:up Alt:up", "Ctrl End Ctrl"],

    // Clicks
    ["Win:down C Win:up", "LeftClick"],
    ["Win:down C:down C:down C Win:up", "LeftClick"],
    ["Win:down C:down Win:up C:up", "LeftClick C:up"],
    ["Win:down Caps:down C Caps:up Win:up", "RightClick"],
    ["Win:down Caps:down C:down C:down C Caps:up Win:up", "RightClick"]
  ]
}
