{
  "A": [30, 0, 1],
  "B": [48, 0, 1],
  "C": [46, 0, 1],
  "D": [32, 0, 1],
  "E": [18, 0, 1],
  "F": [33, 0, 1],
  "G": [34, 0, 1],
  "H": [35, 0, 1],
  "I": [23, 0, 1],
  "J": [36, 0, 1],
  "K": [37, 0, 1],
  "L": [38, 0, 1],
  "M": [50, 0, 1],
  "N": [49, 0, 1],
  "O": [24, 0, 1],
  "P": [25, 0, 1],
  "Q": [16, 0, 1],
  "R": [19, 0, 1],
  "S": [31, 0, 1],
  "T": [20, 0, 1],
  "U": [22, 0, 1],
  "V": [47, 0, 1],
  "W": [17, 0, 1],
  "X": [45, 0, 1],
  "Y": [21, 0, 1],
  "Z": [44, 0, 1],
  "1": [2, 0, 1],
  "2": [3, 0, 1],
  "3": [4, 0, 1],
  "4": [5, 0, 1],
  "5": [6, 0, 1],
  "6": [7, 0, 1],
  "7": [8, 0, 1],
  "8": [9, 0, 1],
  "9": [10, 0, 1],
  "0": [11, 0, 1],
  "NP1": [79, 0, 1],
  "NP2": [80, 0, 1],
  "NP3": [81, 0, 1],
  "NP4": [75, 0, 1],
  "NP5": [76, 0, 1],
  "NP6": [77, 0, 1],
  "NP7": [71, 0, 1],
  "NP8": [72, 0, 1],
  "NP9": [73, 0, 1],
  "NP0": [82, 0, 1],
  "Mute": [32, 2, 3],
  "VolumeDown": [46, 2, 3],
  "VolumeUp": [48, 2, 3],
  "Esc": [1, 0, 1],
  "Caps": [58, 0, 1],
  "Left": [75, 2, 3],
  "Right": [77, 2, 3],
  "Up": [72, 2, 3],
  "Down": [80, 2, 3],
  "Space": [57, 0, 1],
  "Win": [91, 2, 3],
  "WinR": [91, 2, 3],
  "Alt": [56, 0, 1],
  "AltR": [56, 2, 3],
  "Ctrl": [29, 0, 1],
  "CtrlR": [29, 2, 3],
  "Shift": [42, 0, 1],
  "ShiftR": [54, 0, 1],
  "NextToShiftL": [86, 0, 1],
  "Enter": [28, 0, 1],
  "Supr": [83, 2, 3],
  "Back": [14, 0, 1],
  "Tab": [15, 0, 1],
  "Home": [71, 2, 3],
  "End": [79, 2, 3],
  "Prior": [73, 2, 3],
  "Next": [81, 2, 3],
  "Colon": [39, 0, 1],
  "Dash": [12, 0, 1],
  "Backtick": [41, 0, 1],
  "BracketL": [26, 0, 1],
  "BracketR": [27, 0, 1],
  "NumLock": [69, 0, 1],
  "Insert": [210, 0, 1],
  "Del": [211, 0, 1],
  "F1": [59, 0, 1],
  "F2": [60, 0, 1],
  "F3": [61, 0, 1],
  "F4": [62, 0, 1],
  "F5": [63, 0, 1],
  "F6": [64, 0, 1],
  "F7": [65, 0, 1],
  "F8": [66, 0, 1],
  "F9": [67, 0, 1],
  "F10": [68, 0, 1],
  "F11": [87, 0, 1],
  "F12": [88, 0, 1],
  "LeftClick": [241, 0, 1],
  "RightClick": [242, 0, 1],
  "BrightnessDown": [243, 0, 1],
  "BrightnessUp": [244, 0, 1],
  "ToggleAppEnabled": [245, 0, 1],
  "AppMode1": [246, 0, 1],
  "AppMode2": [247, 0, 1],
  "AppMode3": [248, 0, 1],
  "AppMode4": [249, 0, 1]
}
